"2026-09-23 22:41:01,Rishikesh,27\u00baC" 
"2026-09-23 22:41:03,Rishikesh,28\u00baC" 
"2026-09-23 22:41:04,Rishikesh,19\u00baC" 
"2026-09-23 22:41:05,Ahmedabad,21\u00baC" 
"2026-09-23 22:41:06,Rishikesh,27\u00baC" 
"2026-09-23 22:41:07,Rishikesh,22\u00baC" 
"2026-09-23 22:41:08,Rishikesh,25\u00baC" 
"2026-09-23 22:41:09,Vadodara,24\u00baC" 
"2026-09-23 22:41:10,Ahmedabad,19\u00baC" 
"2026-09-23 22:41:11,Ahmedabad,18\u00baC" 
"2026-09-25 15:53:52,Vadodara,21\u00baC" 
"2026-09-25 15:53:53,Ahmedabad,23\u00baC" 
"2026-09-25 15:53:54,Ahmedabad,19\u00baC" 
"2026-09-25 15:53:55,Rishikesh,24\u00baC" 
"2026-09-25 15:53:56,Vadodara,26\u00baC" 
"2026-09-25 15:53:57,Ahmedabad,32\u00baC" 
"2026-09-25 15:53:58,Ahmedabad,30\u00baC" 
"2026-09-25 15:53:59,Vadodara,23\u00baC" 
"2026-09-25 15:54:00,Rishikesh,29\u00baC" 
"2026-09-25 15:54:01,Rishikesh,32\u00baC" 
